{"1": {"mean": 143.8327178955078, "std": 42.55826950073242}, "2": {"mean": 98.60633850097656, "std": 32.842864990234375}, "3": {"mean": 75.42398071289062, "std": 22.519271850585938}, "4": {"mean": 4.604002952575684, "std": 4.1416916847229}, "5": {"mean": 10.279330253601074, "std": 3.6719954013824463}, "6": {"mean": 1.54890775680542, "std": 0.5950881838798523}, "7": {"mean": 275.8934326171875, "std": 9.001781463623047}, "8": {"mean": 233.65223693847656, "std": 3.632786512374878}, "9": {"mean": 241.5991668701172, "std": 4.9774627685546875}, "10": {"mean": 248.54029846191406, "std": 5.947909832000732}, "11": {"mean": 264.99658203125, "std": 10.502487182617188}, "12": {"mean": 247.9448699951172, "std": 6.281171798706055}, "13": {"mean": 267.68731689453125, "std": 11.225146293640137}, "14": {"mean": 267.83721923828125, "std": 11.267351150512695}, "15": {"mean": 264.48675537109375, "std": 11.218442916870117}, "16": {"mean": 255.33851623535156, "std": 8.636594772338867}}